﻿{
  "runtime": "NetCore30",
  "defaultVariables": null,
  "documentGenerator": {
    "aspNetCoreToOpenApi": {
      "project": "WebUI.csproj",
      "msBuildProjectExtensionsPath": null,
      "configuration": null,
      "runtime": null,
      "targetFramework": null,
      "noBuild": true,
      "verbose": false,
      "workingDirectory": null,
      "requireParametersWithoutDefault": true,
      "apiGroupNames": null,
      "defaultPropertyNameHandling": "CamelCase",
      "defaultReferenceTypeNullHandling": "Null",
      "defaultDictionaryValueReferenceTypeNullHandling": "NotNull",
      "defaultResponseReferenceTypeNullHandling": "NotNull",
      "defaultEnumHandling": "Integer",
      "flattenInheritanceHierarchy": false,
      "generateKnownTypes": true,
      "generateEnumMappingDescription": false,
      "generateXmlObjects": false,
      "generateAbstractProperties": false,
      "generateAbstractSchemas": true,
      "ignoreObsoleteProperties": false,
      "allowReferencesWithProperties": false,
      "excludedTypeNames": [],
      "serviceHost": null,
      "serviceBasePath": null,
      "serviceSchemes": [],
      "infoTitle": "Northwind Traders API",
      "infoDescription": null,
      "infoVersion": "1.0.0",
      "documentTemplate": null,
      "documentProcessorTypes": [],
      "operationProcessorTypes": [],
      "typeNameGeneratorType": null,
      "schemaNameGeneratorType": null,
      "contractResolverType": null,
      "serializerSettingsType": null,
      "useDocumentProvider": false,
      "documentName": "v1",
      "aspNetCoreEnvironment": null,
      "createWebHostBuilderMethod": null,
      "startupType": null,
      "allowNullableBodyParameters": true,
      "output": "wwwroot/api/specification.json",
      "outputType": "OpenApi3",
      "assemblyPaths": [],
      "assemblyConfig": null,
      "referencePaths": [],
      "useNuGetCache": false
    }
  },
  "codeGenerators": {
    "openApiToTypeScriptClient": {
      "className": "{controller}Client",
      "moduleName": "",
      "namespace": "",
      "typeScriptVersion": 2.7,
      "template": "Angular",
      "promiseType": "Promise",
      "httpClass": "HttpClient",
      "useSingletonProvider": false,
      "injectionTokenType": "InjectionToken",
      "rxJsVersion": 6.0,
      "dateTimeType": "Date",
      "nullValue": "Undefined",
      "generateClientClasses": true,
      "generateClientInterfaces": true,
      "generateOptionalParameters": false,
      "exportTypes": true,
      "wrapDtoExceptions": false,
      "exceptionClass": "SwaggerException",
      "clientBaseClass": null,
      "wrapResponses": false,
      "wrapResponseMethods": [],
      "generateResponseClasses": true,
      "responseClass": "SwaggerResponse",
      "protectedMethods": [],
      "configurationClass": null,
      "useTransformOptionsMethod": false,
      "useTransformResultMethod": false,
      "generateDtoTypes": true,
      "operationGenerationMode": "MultipleClientsFromOperationId",
      "markOptionalProperties": true,
      "generateCloneMethod": false,
      "typeStyle": "Class",
      "classTypes": [],
      "extendedClasses": [],
      "extensionCode": null,
      "generateDefaultValues": true,
      "excludedTypeNames": [],
      "excludedParameterNames": [],
      "handleReferences": false,
      "generateConstructorInterface": true,
      "convertConstructorInterfaceData": false,
      "importRequiredTypes": true,
      "useGetBaseUrlMethod": false,
      "baseUrlTokenName": "API_BASE_URL",
      "queryNullValue": "",
      "inlineNamedDictionaries": false,
      "inlineNamedAny": false,
      "templateDirectory": null,
      "typeNameGeneratorType": null,
      "propertyNameGeneratorType": null,
      "enumNameGeneratorType": null,
      "serviceHost": null,
      "serviceSchemes": null,
      "output": "ClientApp/src/app/northwind-traders-api.ts"
    }
  }
}