[
  {
    "id": "ba16da71-c7dd-4eac-9ead-5c2c2244e69f",
    "name": "IPhone 8",
    "description": "IPhone 8",
    "price": 900,
    "imageUrl": "https://picsum.photos/1200/900?image=1",
    "inventoryId": "90C9479E-A11C-4D6D-AAAA-0405B6C0EFCD",
    "inventoryLocation": "Vietnam",
    "inventoryWebsite": "https://coolstore-vn.com",
    "inventoryDescription": "This store sells electronic gadgets",
    "categoryId": "80287EF3-987F-4312-A0C6-CCC2239AEEA3",
    "categoryName": "Electronic Gadgets"
  },
  {
    "id": "13d02035-2286-4055-ad2d-6855a60efbbb",
    "name": "IPhone X",
    "description": "IPhone X",
    "price": 1000,
    "imageUrl": "https://picsum.photos/1200/900?image=2",
    "inventoryId": "90C9479E-A11C-4D6D-AAAA-0405B6C0EFCD",
    "inventoryLocation": "Vietnam",
    "inventoryWebsite": "https://coolstore-vn.com",
    "inventoryDescription": "This store sells electronic gadgets",
    "categoryId": "80287EF3-987F-4312-A0C6-CCC2239AEEA3",
    "categoryName": "Electronic Gadgets"
  },
  {
    "id": "b8f0a771-339f-4602-a862-f7a51afd5b79",
    "name": "MacBook Pro 2019",
    "description": "MacBook Pro 2019",
    "price": 4000,
    "imageUrl": "https://picsum.photos/1200/900?image=3",
    "inventoryId": "90C9479E-A11C-4D6D-AAAA-0405B6C0EFCD",
    "inventoryLocation": "Vietnam",
    "inventoryWebsite": "https://coolstore-vn.com",
    "inventoryDescription": "This store sells electronic gadgets",
    "categoryId": "80287EF3-987F-4312-A0C6-CCC2239AEEA3",
    "categoryName": "Electronic Gadgets"
  },
  {
    "id": "ffd60654-1802-48bd-b4c3-d49831a8ab2c",
    "name": "Asus UX370U i7 8550U (C4217TS)",
    "description": "Asus UX370U i7 8550U (C4217TS)",
    "price": 500,
    "imageUrl": "https://picsum.photos/1200/900?image=4",
    "inventoryId": "90C9479E-A11C-4D6D-AAAA-0405B6C0EFCD",
    "inventoryLocation": "Vietnam",
    "inventoryWebsite": "https://coolstore-vn.com",
    "inventoryDescription": "This store sells electronic gadgets",
    "categoryId": "80287EF3-987F-4312-A0C6-CCC2239AEEA3",
    "categoryName": "Electronic Gadgets"
  },
  {
    "id": "a4811778-5070-4d70-8a9c-e6cb70dfcca4",
    "name": "Cheese - Camembert",
    "description": "Mastoidectomy revision",
    "price": 253,
    "imageUrl": "https://picsum.photos/1200/900?image=5",
    "inventoryId": "B8B62196-6369-409D-B709-11C112DD023F",
    "inventoryLocation": "Seattle",
    "inventoryWebsite": "https://coolstore-sea.com",
    "inventoryDescription": "This store sells food and beverage products",
    "categoryId": "664690EE-A647-4B12-B87F-AF5C511187EB",
    "categoryName": "Food products"
  },
  {
    "id": "6a0e6d20-8bcc-450f-bc5c-b8f727083dcd",
    "name": "Bread - White, Unsliced",
    "description": "Fiber-optic bronchoscopy",
    "price": 2809,
    "imageUrl": "https://picsum.photos/1200/900?image=6",
    "inventoryId": "EC186DDF-F430-44EC-84E5-205C93D84F14",
    "inventoryLocation": "San Francisco",
    "inventoryWebsite": "https://coolstore-san.com",
    "inventoryDescription": "This store sells food and beverage products",
    "categoryId": "664690EE-A647-4B12-B87F-AF5C511187EB",
    "categoryName": "Food products"
  },
  {
    "id": "fee1fc67-7469-4490-b418-47f4732de53f",
    "name": "Bag - Regular Kraft 20 Lb",
    "description": "Open periph nerve biopsy",
    "price": 2147,
    "imageUrl": "https://picsum.photos/1200/900?image=7",
    "inventoryId": "B8B62196-6369-409D-B709-11C112DD023F",
    "inventoryLocation": "Seattle",
    "inventoryWebsite": "https://coolstore-sea.com",
    "inventoryDescription": "This store sells food and beverage products",
    "categoryId": "1EBDD04F-A447-42A3-9E65-5697C1DACB09",
    "categoryName": "Accessories"
  },
  {
    "id": "2d2245e4-213a-49de-93d3-79e9439400f5",
    "name": "Wonton Wrappers",
    "description": "Tibia/fibula inj op NOS",
    "price": 2200,
    "imageUrl": "https://picsum.photos/1200/900?image=8",
    "inventoryId": "B8B62196-6369-409D-B709-11C112DD023F",
    "inventoryLocation": "Seattle ",
    "inventoryWebsite": "https://coolstore-sea.com",
    "inventoryDescription": "This store sells food and beverage products",
    "categoryId": "664690EE-A647-4B12-B87F-AF5C511187EB",
    "categoryName": "Food products"
  },
  {
    "id": "386b04c6-303a-4840-8a51-d92b1ea2d339",
    "name": "Hersey Shakes",
    "description": "Removal of FB NOS",
    "price": 2441,
    "imageUrl": "https://picsum.photos/1200/900?image=9",
    "inventoryId": "EC186DDF-F430-44EC-84E5-205C93D84F14",
    "inventoryLocation": "San Francisco",
    "inventoryWebsite": "https://coolstore-san.com",
    "inventoryDescription": "This store sells food and beverage products",
    "categoryId": "77666AA8-682C-4047-B075-04839281630A",
    "categoryName": "Beverage products"
  },
  {
    "id": "297c5959-4808-4f40-8d6a-4a899505e1f7",
    "name": "Oranges - Navel, 72",
    "description": "Remove bladder stimulat",
    "price": 1731,
    "imageUrl": "https://picsum.photos/1200/900?image=10",
    "inventoryId": "B8B62196-6369-409D-B709-11C112DD023F",
    "inventoryLocation": "Seattle ",
    "inventoryWebsite": "https://coolstore-sea.com",
    "inventoryDescription": "This store sells food and beverage products",
    "categoryId": "77666AA8-682C-4047-B075-04839281630A",
    "categoryName": "Beverage products"
  },
  {
    "id": "3a0a0a89-9b3a-4046-bf2b-deee64a764d2",
    "name": "Cheese - Swiss",
    "description": "Other bone dx proc NEC",
    "price": 975,
    "imageUrl": "https://picsum.photos/1200/900?image=11",
    "inventoryId": "EC186DDF-F430-44EC-84E5-205C93D84F14",
    "inventoryLocation": "San Francisco",
    "inventoryWebsite": "https://coolstore-san.com",
    "inventoryDescription": "This store sells food and beverage products",
    "categoryId": "664690EE-A647-4B12-B87F-AF5C511187EB",
    "categoryName": "Food products"
  },
  {
    "id": "71c46659-9560-4d6a-ac18-893477ed6662",
    "name": "Lettuce - Boston Bib",
    "description": "Oth thorac op thymus NOS",
    "price": 3453,
    "imageUrl": "https://picsum.photos/1200/900?image=12",
    "inventoryId": "EC186DDF-F430-44EC-84E5-205C93D84F14",
    "inventoryLocation": "San Francisco",
    "inventoryWebsite": "https://coolstore-san.com",
    "inventoryDescription": "This store sells food and beverage products",
    "categoryId": "664690EE-A647-4B12-B87F-AF5C511187EB",
    "categoryName": "Food products"
  },
  {
    "id": "f92bfa6a-2522-4234-a7f1-9004596a4a85",
    "name": "Godiva White Chocolate",
    "description": "Toxicology-endocrine",
    "price": 2067,
    "imageUrl": "https://picsum.photos/1200/900?image=13",
    "inventoryId": "EC186DDF-F430-44EC-84E5-205C93D84F14",
    "inventoryLocation": "San Francisco",
    "inventoryWebsite": "https://coolstore-san.com",
    "inventoryDescription": "This store sells food and beverage products",
    "categoryId": "77666AA8-682C-4047-B075-04839281630A",
    "categoryName": "Beverage products"
  },
  {
    "id": "cbe43158-2010-4cb1-a8de-f00da16a7362",
    "name": "Ecolab - Balanced Fusion",
    "description": "Opn/oth part gastrectomy",
    "price": 1769,
    "imageUrl": "https://picsum.photos/1200/900?image=14",
    "inventoryId": "B8B62196-6369-409D-B709-11C112DD023F",
    "inventoryLocation": "Seattle",
    "inventoryWebsite": "https://coolstore-sea.com",
    "inventoryDescription": "This store sells food and beverage products",
    "categoryId": "664690EE-A647-4B12-B87F-AF5C511187EB",
    "categoryName": "Food products"
  },
  {
    "id": "85b9767c-1a09-4c33-8e77-faa25f1d69e1",
    "name": "Tarragon - Primerba, Paste",
    "description": "Tendon excision for grft",
    "price": 642,
    "imageUrl": "https://picsum.photos/1200/900?image=15",
    "inventoryId": "EC186DDF-F430-44EC-84E5-205C93D84F14",
    "inventoryLocation": "San Francisco",
    "inventoryWebsite": "https://coolstore-san.com",
    "inventoryDescription": "This store sells food and beverage products",
    "categoryId": "664690EE-A647-4B12-B87F-AF5C511187EB",
    "categoryName": "Food products"
  },
  {
    "id": "22112bb2-c324-4860-8eb9-9c78853a52a5",
    "name": "Beef - Tenderloin Tails",
    "description": "Vessel operation NEC",
    "price": 967,
    "imageUrl": "https://picsum.photos/1200/900?image=16",
    "inventoryId": "B8B62196-6369-409D-B709-11C112DD023F",
    "inventoryLocation": "Seattle ",
    "inventoryWebsite": "https://coolstore-sea.com",
    "inventoryDescription": "This store sells food and beverage products",
    "categoryId": "664690EE-A647-4B12-B87F-AF5C511187EB",
    "categoryName": "Food products"
  },
  {
    "id": "97ad5bf4-d153-41c5-a6e0-6d0bfbbb4f67",
    "name": "Oil - Olive",
    "description": "Skull plate removal",
    "price": 1124,
    "imageUrl": "https://picsum.photos/1200/900?image=17",
    "inventoryId": "EC186DDF-F430-44EC-84E5-205C93D84F14",
    "inventoryLocation": "San Francisco",
    "inventoryWebsite": "https://coolstore-san.com",
    "inventoryDescription": "This store sells food and beverage products",
    "categoryId": "664690EE-A647-4B12-B87F-AF5C511187EB",
    "categoryName": "Food products"
  },
  {
    "id": "cfc5cff8-ab2a-4c70-994d-5ab8ccb7cb0d",
    "name": "Crab - Dungeness, Whole, live",
    "description": "Chng hnd mus/ten lng NEC",
    "price": 1665,
    "imageUrl": "https://picsum.photos/1200/900?image=18",
    "inventoryId": "B8B62196-6369-409D-B709-11C112DD023F",
    "inventoryLocation": "Seattle ",
    "inventoryWebsite": "https://coolstore-sea.com",
    "inventoryDescription": "This store sells food and beverage products",
    "categoryId": "664690EE-A647-4B12-B87F-AF5C511187EB",
    "categoryName": "Food products"
  },
  {
    "id": "fac2ccc6-2c3f-4c1e-acbd-5354ba0873fb",
    "name": "Pasta - Cappellini, Dry",
    "description": "Plastic rep ext ear NEC",
    "price": 3305,
    "imageUrl": "https://picsum.photos/1200/900?image=19",
    "inventoryId": "EC186DDF-F430-44EC-84E5-205C93D84F14",
    "inventoryLocation": "San Francisco",
    "inventoryWebsite": "https://coolstore-san.com",
    "inventoryDescription": "This store sells food and beverage products",
    "categoryId": "664690EE-A647-4B12-B87F-AF5C511187EB",
    "categoryName": "Food products"
  },
  {
    "id": "1adbc55a-4354-4205-b96d-c95e2dc806f4",
    "name": "Milk - Skim",
    "description": "Interat ven retrn transp",
    "price": 3310,
    "imageUrl": "https://picsum.photos/1200/900?image=20",
    "inventoryId": "B8B62196-6369-409D-B709-11C112DD023F",
    "inventoryLocation": "Seattle",
    "inventoryWebsite": "https://coolstore-sea.com",
    "inventoryDescription": "This store sells food and beverage products",
    "categoryId": "77666AA8-682C-4047-B075-04839281630A",
    "categoryName": "Beverage products"
  },
  {
    "id": "c3770b10-dd0f-4b1c-83aa-d424c175c087",
    "name": "Beef - Shank",
    "description": "Hepatic lobectomy",
    "price": 3196,
    "imageUrl": "https://picsum.photos/1200/900?image=20",
    "inventoryId": "EC186DDF-F430-44EC-84E5-205C93D84F14",
    "inventoryLocation": "San Francisco",
    "inventoryWebsite": "https://coolstore-san.com",
    "inventoryDescription": "This store sells food and beverage products",
    "categoryId": "664690EE-A647-4B12-B87F-AF5C511187EB",
    "categoryName": "Food products"
  },
  {
    "id": "6b8d0110-e3e8-4727-a51e-06f38864e464",
    "name": "Ice Cream Bar - Oreo Cone",
    "description": "Proximal gastrectomy",
    "price": 2236,
    "imageUrl": "https://picsum.photos/1200/900?image=21",
    "inventoryId": "B8B62196-6369-409D-B709-11C112DD023F",
    "inventoryLocation": "Seattle",
    "inventoryWebsite": "https://coolstore-sea.com",
    "inventoryDescription": "This store sells food and beverage products",
    "categoryId": "77666AA8-682C-4047-B075-04839281630A",
    "categoryName": "Beverage products"
  },
  {
    "id": "3b69e116-9dd6-400f-96ce-9911f4f6ac8b",
    "name": "Mix - Cocktail Ice Cream",
    "description": "Appendiceal ops NEC",
    "price": 232,
    "imageUrl": "https://picsum.photos/1200/900?image=22",
    "inventoryId": "EC186DDF-F430-44EC-84E5-205C93D84F14",
    "inventoryLocation": "San Francisco",
    "inventoryWebsite": "https://coolstore-san.com",
    "inventoryDescription": "This store sells food and beverage products",
    "categoryId": "77666AA8-682C-4047-B075-04839281630A",
    "categoryName": "Beverage products"
  },
  {
    "id": "89b46ea8-b9a6-40e5-8df3-dba1095695f7",
    "name": "Mushroom - Lg - Cello",
    "description": "Excision of wrist NEC",
    "price": 3318,
    "imageUrl": "https://picsum.photos/1200/900?image=23",
    "inventoryId": "B8B62196-6369-409D-B709-11C112DD023F",
    "inventoryLocation": "Seattle ",
    "inventoryWebsite": "https://coolstore-sea.com",
    "inventoryDescription": "This store sells food and beverage products",
    "categoryId": "664690EE-A647-4B12-B87F-AF5C511187EB",
    "categoryName": "Food products"
  },
  {
    "id": "e88e07f8-358d-48f7-b17c-8a16458f9c0a",
    "name": "Lotus Leaves",
    "description": "Oth chest cage rep/plast",
    "price": 1504,
    "imageUrl": "https://picsum.photos/1200/900?image=24",
    "inventoryId": "EC186DDF-F430-44EC-84E5-205C93D84F14",
    "inventoryLocation": "San Francisco",
    "inventoryWebsite": "https://coolstore-san.com",
    "inventoryDescription": "This store sells food and beverage products",
    "categoryId": "664690EE-A647-4B12-B87F-AF5C511187EB",
    "categoryName": "Food products"
  },
  {
    "id": "b243a35d-120a-4db3-ad12-7b3fa80e6391",
    "name": "Soup - Campbells Chili",
    "description": "Implt/repl carddefib tot",
    "price": 3294,
    "imageUrl": "https://picsum.photos/1200/900?image=25",
    "inventoryId": "B8B62196-6369-409D-B709-11C112DD023F",
    "inventoryLocation": "Seattle",
    "inventoryWebsite": "https://coolstore-sea.com",
    "inventoryDescription": "This store sells food and beverage products",
    "categoryId": "664690EE-A647-4B12-B87F-AF5C511187EB",
    "categoryName": "Food products"
  },
  {
    "id": "6e3ac253-517d-48e5-96ad-800451f8591c",
    "name": "Longos - Penne With Pesto",
    "description": "Wound catheter irrigat",
    "price": 3639,
    "imageUrl": "https://picsum.photos/1200/900?image=26",
    "inventoryId": "B8B62196-6369-409D-B709-11C112DD023F",
    "inventoryLocation": "Seattle",
    "inventoryWebsite": "https://coolstore-sea.com",
    "inventoryDescription": "This store sells food and beverage products",
    "categoryId": "664690EE-A647-4B12-B87F-AF5C511187EB",
    "categoryName": "Food products"
  },
  {
    "id": "4693520a-2b14-4d90-8b64-541575511382",
    "name": "Prunes - Pitted",
    "description": "Abdomen wall repair NEC",
    "price": 1191,
    "imageUrl": "https://picsum.photos/1200/900?image=27",
    "inventoryId": "B8B62196-6369-409D-B709-11C112DD023F",
    "inventoryLocation": "Seattle ",
    "inventoryWebsite": "https://coolstore-sea.com",
    "inventoryDescription": "This store sells food and beverage products",
    "categoryId": "664690EE-A647-4B12-B87F-AF5C511187EB",
    "categoryName": "Food products"
  }
]
