{
  "ReRoutes": [
    {
      "DownstreamPathTemplate": "/api/{everything}",
      "DownstreamScheme": "http",
      "DownstreamHostAndPorts": [
        {
          "Host": "pos.report.webapi",
          "Port": 80
        }
      ],
      "UpstreamPathTemplate": "/api-report/{everything}",
      "UpstreamHttpMethod": [ "Get", "Post", "Put", "Delete" ],
      "AuthenticationOptions": {
        //"AuthenticationProviderKey": "Bearer",
        "AllowedScopes": []
      },
      "RateLimitOptions": {
        "ClientWhitelist": [],
        "EnableRateLimiting": true,
        "Period": "1s",
        "PeriodTimespan": 1,
        "Limit": 1
      },
      "QoSOptions": {
        "ExceptionsAllowedBeforeBreaking": 2,
        "DurationOfBreak": 5000,
        "TimeoutValue": 3000
      }
    },
    {
      "DownstreamPathTemplate": "/api/{everything}",
      "DownstreamScheme": "http",
      "DownstreamHostAndPorts": [
        {
          "Host": "pos.product.webapi",
          "Port": 80
        }
      ],
      "UpstreamPathTemplate": "/api-product/{everything}",
      "UpstreamHttpMethod": [ "Get", "Post", "Put", "Delete" ],
      "AuthenticationOptions": {
        //"AuthenticationProviderKey": "Bearer",
        "AllowedScopes": []
      },
      "RateLimitOptions": {
        "ClientWhitelist": [],
        "EnableRateLimiting": true,
        "Period": "1s",
        "PeriodTimespan": 1,
        "Limit": 1
      },
      "QoSOptions": {
        "ExceptionsAllowedBeforeBreaking": 2,
        "DurationOfBreak": 5000,
        "TimeoutValue": 3000
      }
    },
    {
      "DownstreamPathTemplate": "/api/{everything}",
      "DownstreamScheme": "http",
      "DownstreamHostAndPorts": [
        {
          "Host": "pos.order.webapi",
          "Port": 80
        }
      ],
      "UpstreamPathTemplate": "/api-order/{everything}",
      "UpstreamHttpMethod": [ "Get", "Post", "Put", "Delete" ],
      "AuthenticationOptions": {
        //"AuthenticationProviderKey": "Bearer",
        "AllowedScopes": []
      },
      "RateLimitOptions": {
        "ClientWhitelist": [],
        "EnableRateLimiting": true,
        "Period": "1s",
        "PeriodTimespan": 1,
        "Limit": 1
      },
      "QoSOptions": {
        "ExceptionsAllowedBeforeBreaking": 2,
        "DurationOfBreak": 5000,
        "TimeoutValue": 3000
      }
    },
    {
      "DownstreamPathTemplate": "/api/{everything}",
      "DownstreamScheme": "http",
      "DownstreamHostAndPorts": [
        {
          "Host": "pos.customer.webapi",
          "Port": 80
        }
      ],
      "UpstreamPathTemplate": "/api-customer/{everything}",
      "UpstreamHttpMethod": [ "Get", "Post", "Put", "Delete" ],
      "AuthenticationOptions": {
        //"AuthenticationProviderKey": "Bearer",
        "AllowedScopes": []
      },
      "RateLimitOptions": {
        "ClientWhitelist": [],
        "EnableRateLimiting": true,
        "Period": "1s",
        "PeriodTimespan": 1,
        "Limit": 1
      },
      "QoSOptions": {
        "ExceptionsAllowedBeforeBreaking": 2,
        "DurationOfBreak": 5000,
        "TimeoutValue": 3000
      }
    },
    {
      "DownstreamPathTemplate": "/api/{everything}",
      "DownstreamScheme": "http",
      "DownstreamHostAndPorts": [
        {
          "Host": "pos.gateway.securities",
          "Port": 80
        }
      ],
      "UpstreamPathTemplate": "/api-authentication/{everything}",
      "UpstreamHttpMethod": [ "Get", "Post", "Put", "Delete" ],
    }
  ],
  "GlobalConfiguration": {
    "RequestIdKey": "OcRequestId",
    "AdministrationPath": "/administration"
  }
}
